<configuration>
    <appender name="STDOUT" class="ch.qos.logback.core.ConsoleAppender">
        <encoder>
            <pattern>%d{yyyy-MM-dd HH:mm:ss} [%thread] %-5level %logger{36} - %msg%n</pattern>
        </encoder>
    </appender>


    <!-- Root logger: INFO and above -->
    <root level="INFO">
        <appender-ref ref="STDOUT" />
    </root>

    <!-- Hibernate SQL logs -->
    <logger name="org.hibernate.SQL" level="DEBUG" />
    <logger name="org.hibernate.type.descriptor.sql" level="TRACE" />


</configuration>